身分編碼,所屬計畫案,論文名稱,是否具有對外公開徵稿及審稿制度,作者順序,通訊作者,研討會名稱,舉行之國家,舉行之城市,開始日期,結束日期,發表年份
T1634313400,無,The Mediating Effects of Resilience and Workplace Bullying on Clinical Internship Stress among Nursing Students,是,D,是,,NATTWN,台北,2026/07/01,2026/07/02,2026
T1634313400,無,The Changing Trends in Post-Intensive Care Syndrome Among Survivors Transferred out of the Intensive Care Unit,是,D,是,,NATTWN,台北,2025/07/01,2025/07/02,2025
T1634313400,無,Comparing the effectiveness of Intermittent Nasogastric Feeding and Bolus Nasogastric Feeding on Gastric Emptying in Intensive Care Unit Patients.,是,D,是,,NATTWN,台北,2024/08/01,2024/08/02,2024
T1634313400,無,The psychometrics test of Chinese version of post-intensive care syndrome scale.,是,D,是,,NATTWN,台北,2024/08/01,2024/08/02,2024
T1634313400,無,The Effects of Telephone Counseling on Symptoms Distress in Patients with Brain tumor after Surgery,是,A,是,,NATTWN,台北,2023/11/01,2023/11/02,2023
T1634313400,無,The Exploration of Post-Intensive Care Syndromes and Related Factors on Intensive Care Unit Survivors,是,A,是,,NATTWN,台北,2023/09/01,2023/09/02,2023
T1634313400,無,Development and Psychometric Evaluation of Symptoms Distress Management Scale in Adult Brain tumor,是,D,是,,NATTWN,台北,2021/11/01,2021/11/02,2021
T1634313400,無,The Effects of Supportive Care program on Depressive Emotion in Patients with Brain tumor after Surgery,是,D,是,,NATTWN,台北,2021/11/01,2021/11/02,2021
T1634313400,無,"The Effects of Acupressure Massage on Ascites, and Fatigue in Patients with Liver Cirrhosis.",是,D,是,,NATTWN,台北,2020/09/01,2020/09/02,2020
T1634313400,無,The Effects of Supportive Care program on Symptoms Distress and Nursing Needs in Patients with Brain tumor after Surgery,是,D,是,,NATTWN,台北,2020/09/01,2020/09/02,2020
T1634313400,無,"The effects of diet education program on nutritional status, body weight and quality of life in oral cancer patients underwent surgery",是,D,是,,NATTWN,台北,2020/09/01,2020/09/02,2020
T1634313400,無,The Relationship Between Facial Perception and the Quality of life in Patients With Oral Cancer After Surgery,是,D,是,,NATTWN,台北,2019/11/01,2019/11/02,2019
T1634313400,無,The Relationship Between Facial Perception and Social Interaction in Oral Cancer Patients Underwent Oral Reconstruction,是,D,是,,NATTWN,台北,2019/08/01,2019/08/02,2019
T1634313400,無,The exploration of the social interaction impact in patients with oral cancer after surgery,是,D,是,,NATTWN,台北,2019/07/01,2019/07/02,2019
