身分編碼,所屬計畫案,論文名稱,作者順序,通訊作者,收錄分類,刊物名稱,發表卷數,是否具有審稿制度,發表期數,期刊出版地國別/地區,發表月份,發表年份,發表型式,是否為跨國(地區)合作
T1634313400,無,"Rethinking Resilience in Nursing Education: Workplace Bullying, Resilience, and Work Stress Among Undergraduate Nursing Students During Clinical Placements
Reference",D,否,O,Nurse Education Today,,是,,NATTWN,7,2026,電子期刊,4
T1634313400,無,"慢性阻塞性肺病病人長新冠症狀嚴重度指數之發展與信效度檢定
Developing and Validating the Long COVID-19 Symptom Severity Index (LCSSI) for Patients With Chronic Obstructive Pulmonary Disease",A,否,O,護理雜誌,,是,,NATTWN,6,2026,電子期刊,4
T1634313400,無,改良式低容積間歇鼻胃管灌食法對加護病房病人胃排空與肺吸入相關指標之影響,A,否,SCI,台灣急重症醫學會期刊Resuscitation & Intensive Care Med,,是,,NATTWN,6,2026,電子期刊,4
T1634313400,無,"The Mediating Effects of Sleep Quality and Fatigue on
Post-Intensive Care Syndrome Among Intensive Care Unit Survivors",D,否,O,International Journal of Nursing Practice,,是,,NATTWN,9,2025,電子期刊,4
T1634313400,無,加護病房存活者的重症加護後症候群及其相關因素之探討,B,否,SCI,台灣急重症醫學會期刊Resuscitation & Intensive Care Med,,是,,NATTWN,9,2025,電子期刊,4
T1634313400,無,"支持性關懷對腦腫瘤術後病人之症狀困擾、護理需求與憂鬱成效之前驅性研究。The Effects of Supportive Caring on Symptoms Distress, Nursing Needs, and Depression in Patients With Brain Tumor After Surgery: A Preliminary Study.",A,否,O,護理雜誌,,是,,NATTWN,2,2023,電子期刊,4
T1634313400,無,"健康人權—論臺灣原住民族健康不均等與疫情政策之適當性
Human Health Rights: Discussing Health Inequality for Taiwanese Indigenous Peoples and the Appropriateness of Current Epidemic Policies",A,否,O,護理雜誌,,是,,NATTWN,12,2022,電子期刊,4
T1634313400,無,"疫情蔓延與弱勢族群防疫議題
The Spread of the Epidemic Among Vulnerable Groups and Related Epidemic Prevention Issues",A,否,O,護理雜誌,,是,,NATTWN,12,2022,電子期刊,4
T1634313400,無,膝關節置換術後接受股神經阻斷術病人的疼痛及膝關節活動度之成效分析,A,否,O,護理雜誌,,是,,NATTWN,4,2022,電子期刊,4
T1634313400,無,支持性照護計劃對使用EGFR-TKIs之 非小細胞肺癌病人皮膚疾患與生活品質成效追蹤,A,否,O,腫瘤護理雜誌,,是,,NATTWN,12,2021,電子期刊,4
T1634313400,無,Psychometric Evaluation of the Nurses Professional Values Scale-3: Indonesian Version,D,否,O,International Journal of Environmental Research and Public Health,,是,,NATTWN,8,2021,電子期刊,4
T1634313400,無,急慢性疾病與營養照護,A,否,O,護理雜誌,,是,,NATTWN,6,2021,電子期刊,4
T1634313400,無,重症病人的灌食與營養,A,否,O,護理雜誌,,是,,NATTWN,6,2021,電子期刊,4
T1634313400,無,The Effects of a Supportive Care Program on the Posttraumatic Stress Symptoms of Patients with Oral Cancer After Surgery,D,否,O,Clinical Nursing Research,,是,,NATTWN,11,2020,電子期刊,4
T1634313400,無,"Relationship of Lower Urinary Symptoms, Resilience, and Post-Traumatic Stress Symptoms in Post-Surgery Patients with Rectal Cancer",D,否,SCIE,Japan Journal of Nursing Science,,是,,NATJPN,7,2020,電子期刊,4
T1634313400,無,重症病人與家屬的重症加護後症候群,A,否,O,護理雜誌,,是,,NATTWN,6,2020,電子期刊,4
T1634313400,無,飲食衛教方案對口腔癌術後病人營養狀況與生活品質之成效,A,否,O,護理雜誌,,是,,NATTWN,2,2020,電子期刊,4
T1634313400,無,The effect of music therapy on reducing depression in people with dementia: A systematic review and meta-analysis,D,否,O,Geriatric Nursing,,是,,NATTWN,5,2019,電子期刊,4
T1634313400,無,Lifestyle in Visually Impaired or Blind Massage Therapists: a Preliminary Study.,D,否,O,Journal of Nursing Research,,是,,NATTWN,10,2018,電子期刊,4
T1634313400,無,境外學生在臺進修護理教育：義守大學護理系經驗,A,否,O,長庚科技學刊,,是,,NATTWN,6,2018,電子期刊,4
T1634313400,無,鬱症病人之靈性照護,B,否,O,護理雜誌,,是,,NATTWN,6,2018,電子期刊,4
T1634313400,無,Effects of nurse-led lower extremity strength training on knee function recovery in patients who underwent total knee replacement.,D,否,O,Journal of Clinical Nursing,,是,,NATTWN,5,2018,電子期刊,4
T1634313400,無,"The relationship among symptom distress, posttraumatic stress symptoms, and depression in patients with female-specific cancers.",D,否,O,Cancer Nursing,,是,,NATTWN,4,2018,電子期刊,4
T1634313400,無,Depressive symptoms and health related quality of life among prostate cancer survivors.,D,否,O,Cancer Nursing,,是,,NATTWN,1,2018,電子期刊,4
T1634313400,無,Risk Factors of Post-Traumatic Stress Symptoms in Patients with cancer.,D,否,O,Journal of Clinical Nursing,,是,,NATTWN,10,2017,電子期刊,4
T1634313400,無,The Exploration of Health-Related Quality of Life: Factors Influencing Quality of Life in Gynecologic Cancer Patients,D,否,O,Clinical Nursing Research,,是,,NATTWN,2,2017,電子期刊,4
T1634313400,無,Pelvic Floor Muscle Exercise for Fecal Incontinence Quality of Life after Coloanal Anastomosis,D,否,O,Journal of Clinical Nursing,,是,,NATTWN,9,2016,電子期刊,4
T1634313400,無,Sexual Dysfunction in Males following Low Anterior Resection.,D,否,O,Journal of Clinical Nursing.,,是,,NATTWN,8,2016,電子期刊,4
T1634313400,無,"Depression, fatigue and quality of life among Taiwanese colorectal cancer patients during and after treatment.",D,否,O,Western Journal Nursing Research,,是,,NATTWN,7,2016,電子期刊,4
T1634313400,無,Effects of Pelvic Muscle Exercise for Fecal Incontinence in Rectal Cancer Patients after Stoma Closure,D,否,O,the European Journal of Cancer Care,,是,,NATTWN,6,2016,電子期刊,4
T1634313400,無,肺癌化學治療後病人照護需求與相關因素之探討,A,否,O,護理雜誌,,是,,NATTWN,5,2016,電子期刊,4
T1634313400,無,Comparison of professional values between nursing students in Taiwan and China,D,否,O,Nursing Ethics,,是,,NATTWN,3,2016,電子期刊,4
T1634313400,無,"Effects of Resourcefulness on Sleep Disturbances, Anxiety, and Depressive symptoms in Family Members of Intensive Care Unit Patients",D,否,O,Archives of Psychiatric Nursing,,是,,NATTWN,2,2016,電子期刊,4
T1634313400,無,Nursing Job Rotation Stress Scale Development and Psychometric Evaluation.,D,否,SCIE,Japan Journal of Nursing Science,,是,,NATJPN,1,2016,電子期刊,4
T1634313400,無,"Caring Stress, Suicidal Attitude, and Suicide Care Ability among Family Caregivers of Suicidal Individuals: A Path Analysis.",D,否,O,Journal of Psychiatric and Mental Health Nursing,,是,,NATTWN,12,2015,電子期刊,4
T1634313400,無,Cultural Competence and Related Factors among Taiwanese Nurses,D,否,O,Journal of Nursing Research,,是,,NATTWN,12,2015,電子期刊,4
T1634313400,無,Develop and Validate the Chinese Version of Spiritual Interests Related Illness Tool for Patients with Cancer in Taiwan,D,否,O,Journal of European oncology nursing,,是,,NATTWN,10,2015,電子期刊,4
T1634313400,無,The Effects of a Diet and Exercise Program for the Elderly with Metabolic Syndrome,D,否,O,Journal of Nursing Research,,是,,NATTWN,9,2015,電子期刊,4
T1634313400,無,Fecal Incontinence and Quality of Life of Taiwanese Adults with Rectal Cancer after Lower Anterior Resection,D,否,O,Journal of Wound,,是,,NATTWN,7,2015,電子期刊,4
T1634313400,無,Lower Urinary Tract Symptoms of Prostate Cancer Patients undergoing Treatments over Eight-month Follow-up,D,否,O,Journal of Clinical Nursing,,是,,NATTWN,7,2015,電子期刊,4
T1634313400,無,An exploration of the discharge readiness of cerebrovascular disease patients and related factors conducted at two-weeks post-discharge.,D,否,O,護理暨健康照護期刊,,是,,NATTWN,6,2015,電子期刊,4
T1634313400,無,Development and Validation of the Inventory of Perceptions of Medication Administration Errors for Nurses in Taiwan,D,否,O,Journal of Nursing Research,,是,,NATTWN,3,2015,電子期刊,4
T1634313400,無,The effects of multimedia nursing education on pre-surgery anxiety in gynecologic laparotomy patients,D,否,O,護理暨健康照護期刊,,是,,NATTWN,9,2014,電子期刊,4
T1634313400,無,Psychometric Testing of the Chinese version of the Readiness for Hospital Discharge Scale,D,否,O,護理雜誌,,是,,NATTWN,8,2014,電子期刊,4
T1634313400,無,婦科癌症患者的疾病不確定感與憂鬱之相關性探討,A,否,O,護理暨健康照護期刊,,是,,NATTWN,6,2014,電子期刊,4
T1634313400,無,Sexual Dysfunction in Women after Low Anterior Resection,A,否,O,Clinical Nursing Research,,是,,NATTWN,4,2014,電子期刊,4
T1634313400,無,The Health Promotion Lifestyle of Metabolic Syndrome Individuals with a Diet and Exercise Program,D,否,O,International Journal of Nursing Practice,,是,,NATTWN,4,2014,電子期刊,4
T1634313400,無,Short-term effects of a suicide education intervention for family caregivers of people who are suicidal.,D,否,O,Journal of Clinical Nursing,,是,,NATTWN,1,2014,電子期刊,4
T1634313400,無,Comparison of professional values of Taiwanese and United States nursing students.,D,否,O,Nursing Ethics.,,是,,NATTWN,12,2013,電子期刊,4
T1634313400,無,Factors Influencing Colorectal Cancer Screening in Rural Southern Taiwan,D,否,O,Cancer Nursing,,是,,NATTWN,7,2013,電子期刊,4
T1634313400,無,Changes in Health-related Quality of Life among prostate cancer patients after surgery.,D,否,O,Cancer Nursing,,是,,NATTWN,11,2012,電子期刊,4
T1634313400,無,Effects of Crede’s Method on Voiding Within the First Eight-Hour After Surgery Among Post-Haemorrhoidectomy Patients,D,否,O,International Journal of Urological Nursing,,是,,NATTWN,11,2012,電子期刊,4
T1634313400,無,Comparison of Health-Related Quality of Life between Subjects Treated with Radical Prostatectomy and Brachytherapy.,D,否,O,Journal of Clinical Nursing,,是,,NATTWN,7,2012,電子期刊,4
T1634313400,無,Comparison of the Uncertainty level of Radical Prostatectomy Recipients with or without received Psychological Support,A,否,O,International Journal of Urological Nursing,,是,,NATTWN,7,2012,電子期刊,4
T1634313400,無,Effects of Early Pelvic-floor Muscle Exercise for Sexual Dysfunction in Radical Prostatectomy Recipients.,D,否,O,Cancer Nursing,,是,,NATTWN,3,2012,電子期刊,4
T1634313400,無,The Effect of Pelvic Floor Exercise on Urinary Incontinence in Radical Prostatectomy Patient.,D,否,O,International Journal of Urological Nursing,,是,,NATTWN,11,2011,電子期刊,4
T1634313400,無,The effects of a nerve-sparing procedure on urinary incontinence and sexual function among radical prostatectomy patients,D,否,O,International Journal of Urological Nursing,,是,,NATTWN,11,2011,電子期刊,4
T1634313400,無,Treatment decision regret and related factors following radical prostatectomy,A,否,O,Cancer Nursing,,是,,NATTWN,9,2011,電子期刊,4
T1634313400,無,Factors Influencing Southern Taiwanese Men’s Acceptance of Prostate-Specific Antigen Screening,D,否,O,International Journal of Urological Nursing,,是,,NATTWN,7,2011,電子期刊,4
T1634313400,無,The use of a peer-mentoring strategy to reduce student nurse stress in clinical practice,D,否,O,The International Nursing Review,,是,,NATTWN,6,2011,電子期刊,4
T1634313400,無,Selection and Efficacy of Self-Management Strategies for Dysmenorrhea in Young Taiwanese Women.,D,否,O,Journal of Clinical Nursing,,是,,NATTWN,4,2011,電子期刊,4
T1634313400,無,The Depression Status of Patients with End-Stage Renal Disease in Different Renal Replacement Therapy,D,否,O,International Journal of Urological Nursing,,是,,NATTWN,3,2011,電子期刊,4
T1634313400,無,Assessing the Reliability and Validity of Urinary Incontinence Scale after Radical Prostatectomy,D,否,O,International Journal of Urological Nursing,,是,,NATTWN,11,2010,電子期刊,4
T1634313400,無,Urinary retention after Hemorrhoidectomy: Chart review.,D,否,O,Journal of Clinical Nursing,,是,,NATTWN,10,2010,電子期刊,4
T1634313400,無,Changes in Taiwanese nursing student values during the educational experience. Nursing Ethics,D,否,O,Nursing Ethics,,是,,NATTWN,9,2010,電子期刊,4
T1634313400,無,Psychometric Evaluation of the Revised Nurses Professional Values Scale (NPVS-R): Chinese Version.,D,否,O,Nursing Education Today,,是,,NATTWN,8,2010,電子期刊,4
T1634313400,無,The Symptom Experience of Neobladder Recipients: A Cross-sectional Study.,D,否,O,Journal of Nursing Research,,是,,NATTWN,3,2010,電子期刊,4
T1634313400,無,The Willingness of Nurses to Report Medication Administration Errors in Southern Taiwan: A Cross-sectional Survey.,D,否,O,Worldviews on Evidence-Based Nursing.,,是,,NATTWN,12,2009,電子期刊,4
T1634313400,無,The impact of hemorrhoidectomy on sexual function in women: a preliminary study,A,否,O,The International Journal of Impotence Research,,是,,NATTWN,11,2009,電子期刊,4
T1634313400,無,A Cross-Sectional Survey of the Symptom Experience of Kidney Transplant Recipients,A,否,SSCI,International Journal of Nursing Studies(SCI & SSCI),,是,,NATTWN,8,2007,電子期刊,4
T1634313400,無,護理人員照顧潛藏傳染性疾病患者所感受的壓力及其相關因素,B,否,O,長庚護理雜誌,,是,,NATTWN,3,2007,電子期刊,4
T1634313400,無,加護病房護理人員倫理困境及其相關因素之探討,C,否,O,長庚護理,,是,,NATTWN,9,2006,電子期刊,4
T1634313400,無,The impact of workplace violence on nurses in South Taiwan,A,否,SSCI,International Journal of Nursing Studies(SCI & SSCI),,是,,NATTWN,9,2005,電子期刊,4
T1634313400,無,迴腸新膀胱重建術後病患生活品質及其相關因素之探討,A,否,O,實證護理,,是,,NATTWN,9,2005,電子期刊,4
