身分編碼,教師姓名,年度,西元年,補助類別,學門代碼,計畫名稱,工作,核定經費
T8197465699,林清和,100,2011,專題研究計畫 (一般研究計畫),環境工程,低層大氣環境中夜間奇氧消耗特性之研究,計畫主持人,"2,743,000"
T8197465699,林清和,099,2010,專題研究計畫 (一般研究計畫),大氣物理與大氣化學,台灣巨型城市環境研究(I) -- 二次有機氣膠之環境衝擊--都市與郊區邊界層大氣環境剖面量測分析,共同主持人,"3,987,000"
T8197465699,林清和,097,2008,專題研究計畫 (一般研究計畫),環境工程,沿海工業城臭氧污染形成機制之研究,計畫主持人,"2,971,000"
T8197465699,林清和,096,2007,補助科學與技術人員國外短期研究,,利用美國加州Fresno微粒超級測站之經驗促進台灣微粒超級測站之品保提昇與未來應用發展,計畫主持人,"246,900"
T8197465699,林清和,095,2006,專題研究計畫 (一般研究計畫),環境工程,臭氧消耗層之特性與形成機制之研究(2/2),計畫主持人,"940,000"
T8197465699,林清和,095,2006,專題研究計畫 (環保署合作代辦計畫),環境工程,南二高與東西向快速道路對空氣品質之影響--子計畫二：南二高與東西向快速道路對於移動源排放量與其空間分佈之影響研究,計畫主持人,"640,000"
T8197465699,林清和,094,2005,專題研究計畫 (環保署合作代辦計畫),環境工程,高屏空品區臭氧空氣品質不良成因探討與前驅污染物質來源分析--子計畫一：臭氧前驅物排放與氣象因數對於高屏地區臭氧濃度之影響分析,計畫主持人,"931,700"
T8197465699,林清和,094,2005,專題研究計畫 (一般研究計畫),環境工程,臭氧消耗層之特性與形成機制之研究(1/2),計畫主持人,"1,369,000"
T8197465699,林清和,093,2004,補助國內專家學者出席國際學術會議,,ISEIS 2004年環境資訊國際研討會,計畫主持人,
T8197465699,林清和,093,2004,專題研究計畫 (一般研究計畫),環境工程,臭氧儲留層之特性與其對於地面臭氧濃度貢獻之研究,計畫主持人,"1,009,900"
T8197465699,林清和,092,2003,專題研究計畫 (新進人員研究計畫),空氣污染防制,受體導向統計模式之研究,計畫主持人,"415,900"
T8197465699,林清和,092,2003,專題研究計畫 (環保署合作代辦計畫),環境工程,高屏總量管制區空氣品質改善效益與地區因素之關聯性研究--子計畫：高屏總量管制區內各類交通網路排放量特性之研究,計畫主持人,"844,100"
T8197465699,林清和,091,2002,專題研究計畫 (環保署合作代辦計畫),環境工程,高屏空品區空氣污染總量管制計劃--子計劃二：基準年排放量建置與未來年成長量推估之研究,計畫主持人,"883,400"
T8197465699,林清和,089,2000,專題研究計畫 (新進人員研究計畫),空氣污染防制,空氣污染事件之污染來源及其貢獻之研究(I)-理論及應用程式發展,計畫主持人,"352,900"
T8197465699,林清和,089,2000,專題研究計畫 (新進人員研究計畫),空氣污染防制,蒙地卡羅法模擬氣膠微粒在紊流邊界層發展區域之擴散與沈降之研究,計畫主持人,"233,200"
T0576532978,林清和,098,2009,專題研究計畫 (其他補助計畫),科學教育一科學資優學生,"高瞻計畫(新竹中學)--子計畫一:高中與尖端生物科技之銜接教材,教法的實驗與發展(4/4)",計畫主持人,"1,188,000"
T0576532978,林清和,097,2008,專題研究計畫 (其他補助計畫),科學教育一科學資優學生,"高瞻計畫(新竹中學)--子計畫一:高中與尖端生物科技之銜接教材,教法的實驗與發展(3/4)",計畫主持人,"911,000"
T0576532978,林清和,096,2007,專題研究計畫 (其他補助計畫),科學教育一科學資優學生,"高瞻計畫(新竹中學)--子計畫一:高中與尖端生物科技之銜接教材,教法的實驗與發展(2/4)",計畫主持人,"745,000"
T7498222103,林清和,088,1999,專題研究計畫 (一般研究計畫),心像訓練指導法,心象練習的心理機制,計畫主持人,"290,400"
T7498222103,林清和,086,1997,專題研究計畫 (一般研究計畫),運動技術模式分析,棒球左右打擊區擊球表現之比較,計畫主持人,"286,000"
